{
	"parent": "item/generated",
	"textures": {
		"layer0": "item/paper"
	},
	
	"overrides": [
		{"predicate": {"custom_model_data": 1 }, "model":"item/coin1"},
		{"predicate": {"custom_model_data": 2 }, "model":"item/coin2"},
		{"predicate": {"custom_model_data": 3 }, "model":"item/coin3"},
		{"predicate": {"custom_model_data": 4 }, "model":"item/coin4"},
		{"predicate": {"custom_model_data": 5 }, "model":"item/coin5"},
		{"predicate": {"custom_model_data": 6 }, "model":"item/ckey"},
		{"predicate": {"custom_model_data": 7 }, "model":"item/bkey"},
		{"predicate": {"custom_model_data": 8 }, "model":"item/akey"},
		{"predicate": {"custom_model_data": 9 }, "model":"item/skey"}
	]
}